doc_id,sha256,original_path,file_name,size_bytes,source_kind
DOC-1526D530DB8C,1526d530db8c1c046643b4e04e917468e864e6abf0b8d5241817e34efccd9f56,raw\2025-01-15_facture_entretien_jardin.txt,2025-01-15_facture_entretien_jardin.txt,234,raw
DOC-2E921831ECEF,2e921831ecefe9b913cfdd3b26a61747e3cbb7e21885eb43dd68d5c958e9e696,raw\2025-12-31_annexe_comptable.txt,2025-12-31_annexe_comptable.txt,83,raw
DOC-D56FE3F8D60F,d56fe3f8d60f951b99f8c5bf987c87416cbbfce30c985b5dc6f4e729dec9f9e7,raw\2026-01-15_contrat_syndic.txt,2026-01-15_contrat_syndic.txt,156,raw
DOC-DF0C3F3BD930,df0c3f3bd9305cbd2c3aeb56574c64361ce7618003c9ac66d55a7ad4b47d4b37,raw\2026-03-01_devis_toiture.txt,2026-03-01_devis_toiture.txt,119,raw
DOC-4E884D06E0AD,4e884d06e0ad2af764476a956c0f5b6e1027c6599dde7832680053456df8a397,raw\2026-04-29_convocation_ag.txt,2026-04-29_convocation_ag.txt,362,raw
DOC-840453CA134B,840453ca134b238246bf5125e0b674494e38a3583424a2c5fd34c3d7a1a422e9,raw\2026-05-12_demande_pieces_syndic.txt,2026-05-12_demande_pieces_syndic.txt,127,raw
DOC-FICTIF-B12-ASSUR,150e1bfad4d801f043d36ba90de4d07b52182ada1db35a2f90bca25f401a8955,raw\2026-05-02_demande_attestation_assurance_lot_b12_fictive.txt,2026-05-02_demande_attestation_assurance_lot_b12_fictive.txt,818,raw
DOC-FICTIF-SYNDIC-ASSUR,c4372426f3357900074d726dc3a77c1c8daa851a840cfb4635b38f79d6c7cd3c,raw\2026-05-04_reponse_syndic_assurance_fictive.txt,2026-05-04_reponse_syndic_assurance_fictive.txt,669,raw
DOC-FICTIF-C31-INFILT,6a4868f08784c392a0471cf033c521d371f5dcaa871277d4a976bb0e70ec666a,raw\2026-05-07_signalement_infiltration_cave_c31_fictif.txt,2026-05-07_signalement_infiltration_cave_c31_fictif.txt,706,raw
